County,Provider,contract_plan,Implant Coverage (Y/N),Root Canal Coverage (Y/N),Healthy Food Rollover,OTC Rollover (Y/N),Dental Summary
FL: Orlando,CVS Health Corporation,H5521268000,0,1,0,0,"Based on the information provided, it is not possible to determine the dental benefits offered by the health plan. The coverage documents do not mention any details regarding the annual maximum for dental coverage, member cost share for dental benefits, covered dental services and procedures, coverage for periodontal surgery and dental implants, or member cost for in-network vs. out-of-network dental services. Therefore, it is not possible to determine whether the health plan's dental benefits are considered generous."
FL: Manatee,"UnitedHealth Group, Inc.",H1045039000,1,1,0,0,"Based on the information provided, the dental benefits of the UnitedHealthcare Dual Complete® LP (HMO-POS D-SNP) plan are not considered generous. The coverage documents do not mention the annual maximum for dental coverage, member cost share for dental benefits, covered dental services and procedures, coverage for periodontal surgery, or dental implants. Additionally, there is no information about the member's cost for in-network vs. out-of-network dental services."
FL: Orlando,"UnitedHealth Group, Inc.",H1045039000,1,1,0,0,"Based on the provided coverage documents, the dental benefits covered by the UnitedHealthcare Dual Complete® LP (HMO-POS D-SNP) plan are not clearly specified. The documents do not mention the annual maximum for dental coverage, member cost share for dental benefits, covered dental services and procedures, coverage for periodontal surgery, or dental implants. Additionally, there is no information about the member's cost for in-network vs. out-of-network dental services. Therefore, it is not possible to determine if the health plan's dental benefits are considered generous based on this information."
FL: Orlando,Humana Inc.,H5216072000,0,0,0,1,"Based on the information provided, it cannot be determined whether the health plan's dental benefits are considered generous. The coverage documents do not explicitly mention the annual maximum, member cost share, coverage for periodontal surgery and dental implants, or member cost differences between in-network and out-of-network services. It is recommended to review the specific coverage details or contact the plan directly for more information on the generosity of the dental benefits."
AZ: Yavapai,CVS Health Corporation,H5521331000,0,1,0,0,The health plan's dental benefits are not considered generous based on the lack of information provided in the coverage documents.
FL: Daytona,"UnitedHealth Group, Inc.",H1045026000,1,1,0,0,"Based on the information provided, the health plan's dental benefits can be considered generous in terms of the annual maximum for dental coverage, which is $1,500. However, the member cost share (coinsurance) for dental benefits is not specified in the coverage documents. The plan covers a wide range of dental services and procedures, including dental implants, but it does not specifically mention coverage for periodontal surgery. In-network dental services have a $0 copayment, while out-of-network dentists may result in higher costs for the member. Overall, the dental benefits provided by the health plan can be considered generous based on the available information."
TX: El Paso & TX: Houston,CIGNA,H4513066000,0,1,0,0,"Based on the information provided, it is not possible to determine whether the health plan's dental benefits are considered generous."
AZ: Yavapai,Humana Inc.,H5216263000,0,1,0,0,"Based on the information provided, the dental benefits of the HumanaChoice H5216-263 (PPO) plan can be considered generous. The plan offers an annual maximum of $2,000 for dental coverage, which is higher than average. The member cost share (coinsurance) for dental benefits is 0%, indicating that the plan covers the full cost of covered dental services. The plan covers a wide range of dental services and procedures, including restorations, extractions, root canals, crowns, dentures, and oral surgery. However, coverage for periodontal surgery and dental implants is not specifically mentioned in the documents. In-network dental services have a 0% coinsurance, while out-of-network services may have higher costs."
PA: Philadelphia,Humana Inc.,H5525017000,0,1,1,0,"Based on the information provided, the HumanaChoice H5525-017 (PPO) plan's dental benefits can be considered generous. It has a high annual maximum of $3,000 for dental coverage, and the member cost share (coinsurance) for dental benefits is 0%. The plan covers a wide range of dental services and procedures, including preventive services, restorations, extractions, root canals, crowns, bridges, dentures, and oral surgery. However, it is unclear whether periodontal surgery and dental implants are covered, so it is recommended to review the plan's exclusions or contact Humana for more information."
OR: Portland,Humana Inc.,H5216247000,0,1,0,0,"Based on the information provided, the health plan's dental benefits can be considered generous in terms of the annual maximum benefit and coverage for periodontal surgery. However, the member cost share (coinsurance) and coverage for dental implants are not specified, so it is unclear if they are generous. Additionally, the coverage for in-network vs. out-of-network services is not specified."
